{"data": {"Networth": {"Australia": {"Male": {"18-25": 22.638812534359538, "26-30": 105.54150632215503, "31-35": 175.89719626168224, "36-40": 249.07476635514018, "41-45": 346.91588785046724, "46-50": 455.3271028037383, "51-55": 544.7663551401869, "56-60": 626.0747663551401, "61-65": 634.657320872274, "65+": 603.0373831775701}, "Female": {"18-25": 32.056074766355145, "26-30": 91.58878504672897, "31-35": 148.60280373831776, "36-40": 210.42523364485982, "41-45": 293.0841121495327, "46-50": 384.6728971962617, "51-55": 460.23364485981307, "56-60": 528.9252336448599, "61-65": 536.1760124610593, "65+": 509.46261682242994}}, "United States": {"Male": {"18-25": 6.344229019388255, "26-30": 19.032687058164765, "31-35": 48.21614054735075, "36-40": 75.65493105620494, "41-45": 135.7665010149087, "46-50": 208.70927416532513, "51-55": 213.9908448239659, "56-60": 298.5752782249598, "61-65": 332.5962063414293, "65+": 370.28092671659556}, "Female": {"18-25": 5.084342409183173, "26-30": 15.25302722754952, "31-35": 38.64100230979212, "36-40": 60.63078322950935, "41-45": 108.80492755651991, "46-50": 167.26215440610346, "51-55": 171.49486946174846, "56-60": 239.28186463218313, "61-65": 266.5466508014279, "65+": 296.74764471197597}}, "Japan": {"Male": {"18-25": 5.317685015381394, "26-30": 15.95305504614418, "31-35": 40.41440611689858, "36-40": 63.41339380842312, "41-45": 113.79845932916183, "46-50": 174.9385427935094, "51-55": 179.36551556881443, "56-60": 250.26355103638681, "61-65": 278.7796369313696, "65+": 310.36668592273503}, "Female": {"18-25": 4.27123294408144, "26-30": 12.813698832244322, "31-35": 32.461370375018944, "36-40": 50.93445285817118, "41-45": 91.40438500334284, "46-50": 140.5128857779192, "51-55": 144.068687203867, "56-60": 201.0149004308328, "61-65": 223.91938709346954, "65+": 249.29051078131326}}, "South Korea": {"Male": {"18-25": 5.537442831576856, "26-30": 16.612328494730566, "31-35": 42.08456551998409, "36-40": 66.03400576655399, "41-45": 118.5012765957447, "46-50": 182.1680255517996, "51-55": 186.7779467090873, "56-60": 260.60590326108576, "61-65": 290.3004404454166, "65+": 323.19285086498314}, "Female": {"18-25": 4.101809504871744, "26-30": 12.305428514615233, "31-35": 31.17375223702525, "36-40": 48.91407834559555, "41-45": 87.77872340425533, "46-50": 134.9392781865182, "51-55": 138.35403459932394, "56-60": 193.04140982302647, "61-65": 215.0373632929012, "65+": 239.40211175183936}}, "United Kingdom": {"Male": {"18-25": 30.249565916772166, "26-30": 50.415943194620276, "31-35": 100.83188638924055, "36-40": 141.1646409449368, "41-45": 241.99652733417733, "46-50": 312.5788478066457, "51-55": 373.07797964019005, "56-60": 438.6187057931964, "61-65": 594.9081296965193, "65+": 547.8532493815403}, "Female": {"18-25": 30.249565916772166, "26-30": 50.415943194620276, "31-35": 100.83188638924055, "36-40": 141.1646409449368, "41-45": 241.99652733417733, "46-50": 312.5788478066457, "51-55": 373.07797964019005, "56-60": 438.6187057931964, "61-65": 594.9081296965193, "65+": 547.8532493815403}}}, "Income": {"Australia": {"Male": {"18-25": 38.400000000000006, "26-30": 64.47916666666667, "31-35": 73.27083333333334, "36-40": 82.0625, "41-45": 85.505, "46-50": 86.655, "51-55": 85.13333333333334, "56-60": 82.46666666666667, "61-65": 79.80000000000001, "65+": 77.4}, "Female": {"18-25": 32.4, "26-30": 54.44583333333333, "31-35": 61.90416666666667, "36-40": 69.3625, "41-45": 72.265, "46-50": 73.215, "51-55": 71.925, "56-60": 69.675, "61-65": 67.42500000000001, "65+": 65.4}}, "United States": {"Male": {"18-25": 44.800000000000004, "26-30": 62.18, "31-35": 72.53, "36-40": 81.42999999999999, "41-45": 84.625, "46-50": 85.375, "51-55": 85.74, "56-60": 85.94, "61-65": 83.63076923076923, "65+": 78.8923076923077}, "Female": {"18-25": 39.53333333333333, "26-30": 54.46, "31-35": 61.225, "36-40": 65.97500000000001, "41-45": 67.19, "46-50": 66.89, "51-55": 66.03, "56-60": 64.92999999999999, "61-65": 64.81538461538462, "65+": 65.24615384615385}}, "Japan": {"Male": {"18-25": 35.731289265033396, "26-30": 42.726669755011145, "31-35": 48.29805861915368, "36-40": 53.090837238307344, "41-45": 57.5133434298441, "46-50": 61.714378262806235, "51-55": 64.55544053452117, "56-60": 60.8907816481069, "61-65": 47.024598307349656, "65+": 42.313141202672604}, "Female": {"18-25": 28.69983073496659, "26-30": 34.31861024498887, "31-35": 38.79362138084632, "36-40": 42.64324276169264, "41-45": 46.1954565701559, "46-50": 49.56978173719376, "51-55": 51.85175946547885, "56-60": 48.908258351893096, "61-65": 37.77076169265033, "65+": 33.986458797327394}}, "South Korea": {"Male": {"18-25": 29.937619048805004, "26-30": 35.798729591360754, "31-35": 40.4667424399953, "36-40": 44.48239324456601, "41-45": 48.1878096548486, "46-50": 51.70766530593079, "51-55": 54.08806192004817, "56-60": 51.01761123265438, "61-65": 39.39976807459311, "65+": 35.4522528612913}, "Female": {"18-25": 22.17601411022593, "26-30": 26.51757747508204, "31-35": 29.975364770366888, "36-40": 32.94992092190075, "41-45": 35.69467381840637, "46-50": 38.30197430068947, "51-55": 40.06523105188753, "56-60": 37.79082313529955, "61-65": 29.185013388587492, "65+": 26.26092804540096}}, "United Kingdom": {"Male": {"18-25": 39.53333333333333, "26-30": 54.17777777777778, "31-35": 61.733333333333334, "36-40": 66.73, "41-45": 70.63, "46-50": 70.61, "51-55": 68.91000000000001, "56-60": 66.18709677419355, "61-65": 63.02580645161291, "65+": 58.6}, "Female": {"18-25": 37.266666666666666, "26-30": 48.63333333333333, "31-35": 54.3, "36-40": 56.735, "41-45": 57.785000000000004, "46-50": 56.245, "51-55": 53.595, "56-60": 50.85806451612903, "61-65": 48.08387096774194, "65+": 44.2}}}, "Height": {"Australia": {"Male": {"18-25": 179.0, "26-30": 179.0, "31-35": 179.0, "36-40": 179.0, "41-45": 179.0, "46-50": 179.0, "51-55": 179.0, "56-60": 179.0, "61-65": 179.0, "65+": 179.0}, "Female": {"18-25": 165.0, "26-30": 165.0, "31-35": 165.0, "36-40": 165.0, "41-45": 165.0, "46-50": 165.0, "51-55": 165.0, "56-60": 165.0, "61-65": 165.0, "65+": 165.0}}, "United States": {"Male": {"18-25": 177.0, "26-30": 177.0, "31-35": 177.0, "36-40": 177.0, "41-45": 177.0, "46-50": 177.0, "51-55": 177.0, "56-60": 177.0, "61-65": 177.0, "65+": 177.0}, "Female": {"18-25": 164.0, "26-30": 164.0, "31-35": 164.0, "36-40": 164.0, "41-45": 164.0, "46-50": 164.0, "51-55": 164.0, "56-60": 164.0, "61-65": 164.0, "65+": 164.0}}, "Japan": {"Male": {"18-25": 171.0, "26-30": 171.0, "31-35": 171.0, "36-40": 171.0, "41-45": 171.0, "46-50": 171.0, "51-55": 171.0, "56-60": 171.0, "61-65": 171.0, "65+": 171.0}, "Female": {"18-25": 158.0, "26-30": 158.0, "31-35": 158.0, "36-40": 158.0, "41-45": 158.0, "46-50": 158.0, "51-55": 158.0, "56-60": 158.0, "61-65": 158.0, "65+": 158.0}}, "South Korea": {"Male": {"18-25": 174.0, "26-30": 174.0, "31-35": 174.0, "36-40": 174.0, "41-45": 174.0, "46-50": 174.0, "51-55": 174.0, "56-60": 174.0, "61-65": 174.0, "65+": 174.0}, "Female": {"18-25": 162.0, "26-30": 162.0, "31-35": 162.0, "36-40": 162.0, "41-45": 162.0, "46-50": 162.0, "51-55": 162.0, "56-60": 162.0, "61-65": 162.0, "65+": 162.0}}, "United Kingdom": {"Male": {"18-25": 178.0, "26-30": 178.0, "31-35": 178.0, "36-40": 178.0, "41-45": 178.0, "46-50": 178.0, "51-55": 178.0, "56-60": 178.0, "61-65": 178.0, "65+": 178.0}, "Female": {"18-25": 164.0, "26-30": 164.0, "31-35": 164.0, "36-40": 164.0, "41-45": 164.0, "46-50": 164.0, "51-55": 164.0, "56-60": 164.0, "61-65": 164.0, "65+": 164.0}}}, "Weight": {"Australia": {"Male": {"18-25": 88.8, "26-30": 88.8, "31-35": 88.8, "36-40": 88.8, "41-45": 88.8, "46-50": 88.8, "51-55": 88.8, "56-60": 88.8, "61-65": 88.8, "65+": 88.8}, "Female": {"18-25": 73.0, "26-30": 73.0, "31-35": 73.0, "36-40": 73.0, "41-45": 73.0, "46-50": 73.0, "51-55": 73.0, "56-60": 73.0, "61-65": 73.0, "65+": 73.0}}, "United States": {"Male": {"18-25": 90.9, "26-30": 90.9, "31-35": 90.9, "36-40": 90.9, "41-45": 90.9, "46-50": 90.9, "51-55": 90.9, "56-60": 90.9, "61-65": 90.9, "65+": 90.9}, "Female": {"18-25": 78.0,