{"Networth": {"Australia": {"Male": {"18-25": 20.88235294117647, "25-35": 121.75, "35-45": 260.0, "45-55": 457.5, "55-65": 597.9166666666666, "65+": 556.25}, "Female": {"18-25": 35.0, "25-35": 121.75, "35-45": 260.0, "45-55": 457.5, "55-65": 597.9166666666666, "65+": 556.25}}, "United States": {"Male": {"18-25": 5.7, "25-35": 27.62, "35-45": 89.78, "45-55": 190.0, "55-65": 281.2, "65+": 333.4}, "Female": {"18-25": 5.7, "25-35": 27.62, "35-45": 89.78, "45-55": 190.0, "55-65": 281.2, "65+": 333.4}}, "Japan": {"Male": {"18-25": 4.7944589797314165, "25-35": 23.20518146190006, "35-45": 75.34492286647922, "45-55": 159.32226912596488, "55-65": 235.92334024513372, "65+": 279.8285983520242}, "Female": {"18-25": 4.7944589797314165, "25-35": 23.20518146190006, "35-45": 75.34492286647922, "45-55": 159.32226912596488, "55-65": 235.92334024513372, "65+": 279.8285983520242}}, "South Korea": {"Male": {"18-25": 4.8196261682243, "25-35": 23.32699065420561, "35-45": 75.74042523364486, "45-55": 160.15858738317758, "55-65": 237.16175467289722, "65+": 281.29748130841125}, "Female": {"18-25": 4.8196261682243, "25-35": 23.32699065420561, "35-45": 75.74042523364486, "45-55": 160.15858738317758, "55-65": 237.16175467289722, "65+": 281.29748130841125}}}, "Income": {"Australia": {"Male": {"18-25": 38.400000000000006, "25-35": 67.99583333333334, "35-45": 84.815, "45-55": 86.73333333333333, "55-65": 81.4, "65+": 77.4}, "Female": {"18-25": 32.4, "25-35": 57.42916666666667, "35-45": 71.695, "45-55": 73.275, "55-65": 68.775, "65+": 65.4}}, "United States": {"Male": {"18-25": 44.800000000000004, "25-35": 67.19, "35-45": 84.175, "45-55": 85.61999999999999, "55-65": 85.66153846153846, "65+": 78.8923076923077}, "Female": {"18-25": 39.53333333333333, "25-35": 58.375, "35-45": 67.37, "45-55": 66.69, "55-65": 64.63076923076923, "65+": 65.24615384615385}}, "Japan": {"Male": {"18-25": 35.731289265033396, "25-35": 45.024435100222725, "35-45": 54.869529086859686, "45-55": 63.19546797327395, "55-65": 54.53040106904231, "65+": 42.313141202672604}, "Female": {"18-25": 28.69983073496659, "25-35": 36.16420489977728, "35-45": 44.0719109131403, "45-55": 50.759412026726054, "55-65": 43.79951893095768, "65+": 33.986458797327394}}, "South Korea": {"Male": {"18-25": 29.937619048805004, "25-35": 37.72392246806469, "35-45": 45.97267809189407, "45-55": 52.94860288308333, "55-65": 45.68853817936848, "65+": 35.4522528612913}, "Female": {"18-25": 22.17601411022593, "25-35": 27.94364627264051, "35-45": 34.05383562362523, "45-55": 39.22118732080247, "55-65": 33.843361614347025, "65+": 26.26092804540096}}}, "Height": {"Australia": {"Male": {"18-25": 179.0, "25-35": 179.0, "35-45": 179.0, "45-55": 179.0, "55-65": 179.0, "65+": 179.0}, "Female": {"18-25": 165.0, "25-35": 165.0, "35-45": 165.0, "45-55": 165.0, "55-65": 165.0, "65+": 165.0}}, "United States": {"Male": {"18-25": 177.0, "25-35": 177.0, "35-45": 177.0, "45-55": 177.0, "55-65": 177.0, "65+": 177.0}, "Female": {"18-25": 164.0, "25-35": 164.0, "35-45": 164.0, "45-55": 164.0, "55-65": 164.0, "65+": 164.0}}, "Japan": {"Male": {"18-25": 171.0, "25-35": 171.0, "35-45": 171.0, "45-55": 171.0, "55-65": 171.0, "65+": 171.0}, "Female": {"18-25": 158.0, "25-35": 158.0, "35-45": 158.0, "45-55": 158.0, "55-65": 158.0, "65+": 158.0}}, "South Korea": {"Male": {"18-25": 174.0, "25-35": 174.0, "35-45": 174.0, "45-55": 174.0, "55-65": 174.0, "65+": 174.0}, "Female": {"18-25": 162.0, "25-35": 162.0, "35-45": 162.0, "45-55": 162.0, "55-65": 162.0, "65+": 162.0}}}, "Weight": {"Australia": {"Male": {"18-25": 88.8, "25-35": 88.8, "35-45": 88.8, "45-55": 88.8, "55-65": 88.8, "65+": 88.8}, "Female": {"18-25": 73.0, "25-35": 73.0, "35-45": 73.0, "45-55": 73.0, "55-65": 73.0, "65+": 73.0}}, "United States": {"Male": {"18-25": 90.9, "25-35": 90.9, "35-45": 90.9, "45-55": 90.9, "55-65": 90.9, "65+": 90.9}, "Female": {"18-25": 78.0, "25-35": 78.0, "35-45": 78.0, "45-55": 78.0, "55-65": 78.0, "65+": 78.0}}, "Japan": {"Male": {"18-25": 69.0, "25-35": 69.0, "35-45": 69.0, "45-55": 69.0, "55-65": 69.0, "65+": 69.0}, "Female": {"18-25": 54.7, "25-35": 54.7, "35-45": 54.7, "45-55": 54.7, "55-65": 54.7, "65+": 54.7}}, "South Korea": {"Male": {"18-25": 73.9, "25-35": 73.9, "35-45": 73.9, "45-55": 73.9, "55-65": 73.9, "65+": 73.9}, "Female": {"18-25": 60.6, "25-35": 60.6, "35-45": 60.6, "45-55": 60.6, "55-65": 60.6, "65+": 60.6}}}, "IQ": {"Australia": {"Male": {"18-25": 99.0, "25-35": 99.0, "35-45": 99.0, "45-55": 99.0, "55-65": 99.0, "65+": 99.0}, "Female": {"18-25": 99.0, "25-35": 99.0, "35-45": 99.0, "45-55": 99.0, "55-65": 99.0, "65+": 99.0}}, "United States": {"Male": {"18-25": 98.0, "25-35": 98.0, "35-45": 98.0, "45-55": 98.0, "55-65": 98.0, "65+": 98.0}, "Female": {"18-25": 98.0, "25-35": 98.0, "35-45": 98.0, "45-55": 98.0, "55-65": 98.0, "65+": 98.0}}, "Japan": {"Male": {"18-25": 105.0, "25-35": 105.0, "35-45": 105.0, "45-55": 105.0, "55-65": 105.0, "65+": 105.0}, "Female": {"18-25": 105.0, "25-35": 105.0, "35-45": 105.0, "45-55": 105.0, "55-65": 105.0, "65+": 105.0}}, "South Korea": {"Male": {"18-25": 106.0, "25-35": 106.0, "35-45": 106.0, "45-55": 106.0, "55-65": 106.0, "65+": 106.0}, "Female": {"18-25": 106.0, "25-35": 106.0, "35-45": 106.0, "45-55": 106.0, "55-65": 106.0, "65+": 106.0}}}, "Alchohol Consumption": {"Australia": {"Male": {"18-25": 14.56043956043956, "25-35": 14.56043956043956, "35-45": 14.56043956043956, "45-55": 14.56043956043956, "55-65": 14.56043956043956, "65+": 14.56043956043956}, "Female": {"18-25": 14.56043956043956, "25-35": 14.56043956043956, "35-45": 14.56043956043956, "45-55": 14.56043956043956, "55-65": 14.56043956043956, "65+": 14.56043956043956}}, "United States": {"Male": {"18-25": 13.461538461538462, "25-35": 13.461538461538462, "35-45": 13.461538461538462, "45-55": 13.461538461538462, "55-65": 13.461538461538462, "65+": 13.461538461538462}, "Female": {"18-25": 13.461538461538462, "25-35": 13.461538461538462, "35-45": 13.461538461538462, "45-55": 13.461538461538462, "55-65": 13.461538461538462, "65+": 13.461538461538462}}, "Japan": {"Male": {"18-25": 10.989010989010989, "25-35": 10.989010989010989, "35-45": 10.989010989010989, "45-55": 10.989010989010989, "55-65": 10.989010989010989, "65+": 10.989010989010989}, "Female": {"18-25": 10.989010989010989, "25-35": 10.989010989010989, "35-45": 10.989010989010989, "45-55": 10.989010989010989, "55-65": 10.989010989010989, "65+": 10.989010989010989}}, "South Korea": {"Male": {"18-25": 14.010989010989011, "25-35": 14.010989010989011, "35-45": 14.010989010989011, "45-55": 14.010989010989011, "55-65": 14.010989010989011, "65+": 14.010989010989011}, "Female": {"18-25": 14.010989010989011, "25-35": 14.010989010989011, "35-45": 14.010989010989011, "45-55": 14.010989010989011, "55-65": 14.010989010989011, "65+": 14.010989010989011}}}}
