{"Australia": {"Male": {"18-25": 20.88235294117647, "25-35": 121.75, "35-45": 260.0, "45-55": 457.5, "55-65": 597.9166666666666, "65+": 556.25}, "Female": {"18-25": 35.0, "25-35": 121.75, "35-45": 260.0, "45-55": 457.5, "55-65": 597.9166666666666, "65+": 556.25}}, "United States": {"Male": {"18-25": 5.7, "25-35": 27.62, "35-45": 89.78, "45-55": 190.0, "55-65": 281.2, "65+": 333.4}, "Female": {"18-25": 5.7, "25-35": 27.62, "35-45": 89.78, "45-55": 190.0, "55-65": 281.2, "65+": 333.4}}, "Japan": {"Male": {"18-25": 4.7944589797314165, "25-35": 23.20518146190006, "35-45": 75.34492286647922, "45-55": 159.32226912596488, "55-65": 235.92334024513372, "65+": 279.8285983520242}, "Female": {"18-25": 4.7944589797314165, "25-35": 23.20518146190006, "35-45": 75.34492286647922, "45-55": 159.32226912596488, "55-65": 235.92334024513372, "65+": 279.8285983520242}}, "South Korea": {"Male": {"18-25": 4.8196261682243, "25-35": 23.32699065420561, "35-45": 75.74042523364486, "45-55": 160.15858738317758, "55-65": 237.16175467289722, "65+": 281.29748130841125}, "Female": {"18-25": 4.8196261682243, "25-35": 23.32699065420561, "35-45": 75.74042523364486, "45-55": 160.15858738317758, "55-65": 237.16175467289722, "65+": 281.29748130841125}}}